<?xml version="1.0"?>
<ArrayOfOrder xmlns:xsi="http://www.w3.org/2001/XMLSchema-instance" xmlns:xsd="http://www.w3.org/2001/XMLSchema">
  <Order>
    <Id>1</Id>
    <Customer>
      <Id>1</Id>
      <Name>liuwang</Name>
    </Customer>
    <Details>
      <OrderDetail>
        <Id>1</Id>
        <Goods>
          <Id>3</Id>
          <Name>apple</Name>
          <Price>5.59</Price>
        </Goods>
        <Quantity>8</Quantity>
      </OrderDetail>
      <OrderDetail>
        <Id>2</Id>
        <Goods>
          <Id>2</Id>
          <Name>egg</Name>
          <Price>4.99</Price>
        </Goods>
        <Quantity>2</Quantity>
      </OrderDetail>
      <OrderDetail>
        <Id>3</Id>
        <Goods>
          <Id>1</Id>
          <Name>milk</Name>
          <Price>69.9</Price>
        </Goods>
        <Quantity>1</Quantity>
      </OrderDetail>
    </Details>
  </Order>
  <Order>
    <Id>2</Id>
    <Customer>
      <Id>2</Id>
      <Name>jams</Name>
    </Customer>
    <Details>
      <OrderDetail>
        <Id>2</Id>
        <Goods>
          <Id>2</Id>
          <Name>egg</Name>
          <Price>4.99</Price>
        </Goods>
        <Quantity>2</Quantity>
      </OrderDetail>
      <OrderDetail>
        <Id>3</Id>
        <Goods>
          <Id>1</Id>
          <Name>milk</Name>
          <Price>69.9</Price>
        </Goods>
        <Quantity>1</Quantity>
      </OrderDetail>
    </Details>
  </Order>
  <Order>
    <Id>3</Id>
    <Customer>
      <Id>2</Id>
      <Name>jams</Name>
    </Customer>
    <Details>
      <OrderDetail>
        <Id>3</Id>
        <Goods>
          <Id>1</Id>
          <Name>milk</Name>
          <Price>69.9</Price>
        </Goods>
        <Quantity>1</Quantity>
      </OrderDetail>
    </Details>
  </Order>
  <Order>
    <Id>123</Id>
    <Customer>
      <Id>1</Id>
      <Name>liuwang</Name>
    </Customer>
    <Details>
      <OrderDetail>
        <Id>12</Id>
        <Goods>
          <Id>2</Id>
          <Name>egg</Name>
          <Price>4.99</Price>
        </Goods>
        <Quantity>2</Quantity>
      </OrderDetail>
    </Details>
  </Order>
</ArrayOfOrder>