<?xml version="1.0"?>
<ArrayOfOrder xmlns:xsi="http://www.w3.org/2001/XMLSchema-instance" xmlns:xsd="http://www.w3.org/2001/XMLSchema">
  <Order>
    <Id>1</Id>
    <Customer>
      <Id>1</Id>
      <Name>Customer1</Name>
    </Customer>
    <CreateTime>2021-03-21T00:00:00</CreateTime>
    <Details>
      <OrderDetail>
        <Goods>
          <Id>1</Id>
          <Name>apple</Name>
          <Price>10</Price>
        </Goods>
        <Quantity>80</Quantity>
      </OrderDetail>
      <OrderDetail>
        <Goods>
          <Id>2</Id>
          <Name>egg</Name>
          <Price>1.2</Price>
        </Goods>
        <Quantity>200</Quantity>
      </OrderDetail>
      <OrderDetail>
        <Goods>
          <Id>3</Id>
          <Name>milk</Name>
          <Price>50</Price>
        </Goods>
        <Quantity>10</Quantity>
      </OrderDetail>
    </Details>
  </Order>
  <Order>
    <Id>2</Id>
    <Customer>
      <Id>2</Id>
      <Name>Customer2</Name>
    </Customer>
    <CreateTime>2021-03-21T00:00:00</CreateTime>
    <Details>
      <OrderDetail>
        <Goods>
          <Id>2</Id>
          <Name>egg</Name>
          <Price>1.2</Price>
        </Goods>
        <Quantity>200</Quantity>
      </OrderDetail>
      <OrderDetail>
        <Goods>
          <Id>3</Id>
          <Name>milk</Name>
          <Price>50</Price>
        </Goods>
        <Quantity>10</Quantity>
      </OrderDetail>
    </Details>
  </Order>
  <Order>
    <Id>3</Id>
    <Customer>
      <Id>2</Id>
      <Name>Customer2</Name>
    </Customer>
    <CreateTime>2021-03-21T00:00:00</CreateTime>
    <Details>
      <OrderDetail>
        <Goods>
          <Id>1</Id>
          <Name>apple</Name>
          <Price>10</Price>
        </Goods>
        <Quantity>80</Quantity>
      </OrderDetail>
      <OrderDetail>
        <Goods>
          <Id>3</Id>
          <Name>milk</Name>
          <Price>50</Price>
        </Goods>
        <Quantity>10</Quantity>
      </OrderDetail>
    </Details>
  </Order>
</ArrayOfOrder>